{"0.0": {"-8": 0.0128125, "-6": 0.00546875}, "0.25": {"-8": 0.0478125, "-6": 0.02375}, "0.5": {"-8": 0.0865625, "-6": 0.0503125}, "0.7": {"-8": 0.1125, "-6": 0.06296875}, "1.0": {"-8": 0.13390625, "-6": 0.0775}}