{
    "0.0": {
        "-16": 0.775,
        "-14": 0.5503125,
        "-12": 0.2803125,
        "-10": 0.08640625,
        "-8": 0.0121875,
        "-6": 0.000625
    },
    "0.25": {
        "-16": 0.82078125,
        "-14": 0.62703125,
        "-12": 0.359375,
        "-10": 0.14546875,
        "-8": 0.04640625,
        "-6": 0.023125
    },
    "0.5": {
        "-16": 0.84484375,
        "-14": 0.67828125,
        "-12": 0.435625,
        "-10": 0.2015625,
        "-8": 0.08828125,
        "-6": 0.04609375
    },
    "0.7": {
        "-16": 0.86875,
        "-14": 0.71109375,
        "-12": 0.47421875,
        "-10": 0.2465625,
        "-8": 0.1090625,
        "-6": 0.0546875
    },
    "1.0": {
        "-16": 0.88,
        "-14": 0.7490625,
        "-12": 0.52453125,
        "-10": 0.29578125,
        "-8": 0.145,
        "-6": 0.0815625
    }
}
