{
    "0.0": {
        "-16": 0.76,
        "-14": 0.48359375,
        "-12": 0.20765625,
        "-10": 0.04203125,
        "-8": 0.0025,
        "-6": 0.0
    },
    "0.25": {
        "-16": 0.796875,
        "-14": 0.53671875,
        "-12": 0.265,
        "-10": 0.08359375,
        "-8": 0.03453125,
        "-6": 0.01421875
    },
    "0.5": {
        "-16": 0.82390625,
        "-14": 0.56703125,
        "-12": 0.30328125,
        "-10": 0.1240625,
        "-8": 0.054375,
        "-6": 0.03234375
    },
    "0.7": {
        "-16": 0.8509375,
        "-14": 0.60390625,
        "-12": 0.34171875,
        "-10": 0.15625,
        "-8": 0.07625,
        "-6": 0.03984375
    },
    "1.0": {
        "-16": 0.865,
        "-14": 0.65671875,
        "-12": 0.38390625,
        "-10": 0.1990625,
        "-8": 0.09859375,
        "-6": 0.0509375
    }
}