{
    "0.0": {
        "-16": 0.7555803571428571,
        "-14": 0.5078125,
        "-12": 0.25669642857142855,
        "-10": 0.06350160256410256,
        "-8": 0.013401442307692307,
        "-6": 0.004464285714285714
    },
    "0.25": {
        "-16": 0.8058035714285714,
        "-14": 0.609375,
        "-12": 0.34933035714285715,
        "-10": 0.12099358974358974,
        "-8": 0.04795673076923077,
        "-6": 0.025737647209421403
    },
    "0.5": {
        "-16": 0.859375,
        "-14": 0.6607142857142857,
        "-12": 0.40848214285714285,
        "-10": 0.19340945512820512,
        "-8": 0.08279246794871795,
        "-6": 0.04621395769329237
    },
    "0.7": {
        "-16": 0.8716517857142857,
        "-14": 0.6997767857142857,
        "-12": 0.44642857142857145,
        "-10": 0.23157051282051283,
        "-8": 0.10557892628205129,
        "-6": 0.060387864823348694
    },
    "1.0": {
        "-16": 0.8738839285714286,
        "-14": 0.7377232142857143,
        "-12": 0.5290178571428571,
        "-10": 0.26732772435897434,
        "-8": 0.13462540064102563,
        "-6": 0.08094618055555555
    }
}
