{
    "0": {
        "-16": 0.81796875,
        "-14": 0.6240625,
        "-12": 0.35640625,
        "-10": 0.15328125,
        "-8": 0.04078125,
        "-6": 0.01078125
    },
    "0.25": {
        "-16": 0.854375,
        "-14": 0.69203125,
        "-12": 0.46171875,
        "-10": 0.22859375,
        "-8": 0.12265625,
        "-6": 0.0415625
    },
    "0.5": {
        "-16": 0.87765625,
        "-14": 0.7371875,
        "-12": 0.508125,
        "-10": 0.29140625,
        "-8": 0.1196875,
        "-6": 0.06828125
    },
    "0.7": {
        "-16": 0.8875,
        "-14": 0.765,
        "-12": 0.55328125,
        "-10": 0.31109375,
        "-8": 0.16328125,
        "-6": 0.0809375
    },
    "1": {
        "-16": 0.9021875,
        "-14": 0.79078125,
        "-12": 0.60828125,
        "-10": 0.37140625,
        "-8": 0.19078125,
        "-6": 0.10578125
    }
}
