{"0.0": {"-16": 0.75375, "-14": 0.524375, "-12": 0.250625, "-10": 0.06390625}, "0.25": {"-16": 0.81890625, "-14": 0.61, "-12": 0.3271875, "-10": 0.1246875}, "0.5": {"-16": 0.8346875, "-14": 0.66890625, "-12": 0.41359375, "-10": 0.1840625}, "0.7": {"-16": 0.8696875, "-14": 0.6896875, "-12": 0.4528125, "-10": 0.2209375}, "1.0": {"-16": 0.87, "-14": 0.7375, "-12": 0.5103125, "-10": 0.27578125}}