{
    "0": {
        "-16": 0.8921875,
        "-14": 0.7428125,
        "-12": 0.45921875,
        "-10": 0.16515625,
        "-8": 0.02703125,
        "-6": 0.00578125
    },
    "0.25": {
        "-16": 0.915625,
        "-14": 0.79609375,
        "-12": 0.54109375,
        "-10": 0.22703125,
        "-8": 0.0721875,
        "-6": 0.0265625
    },
    "0.5": {
        "-16": 0.92328125,
        "-14": 0.82765625,
        "-12": 0.5996875,
        "-10": 0.3034375,
        "-8": 0.10734375,
        "-6": 0.04953125
    },
    "0.7": {
        "-16": 0.93796875,
        "-14": 0.83875,
        "-12": 0.6553125,
        "-10": 0.36109375,
        "-8": 0.1428125,
        "-6": 0.068125
    },
    "1": {
        "-16": 0.87609375,
        "-14": 0.72,
        "-12": 0.514375,
        "-10": 0.27578125,
        "-8": 0.1353125,
        "-6": 0.07859375
    }
}
